{"CCI5":{"begIndex":4,"nbElement":36,"result":{"outReal":[66.24362908457562,142.42250650604063,162.01409064197978,52.72586624264565,45.81953825296943,105.98884410498799,104.98607288712266,-10.499978725409173,-34.6911733732226,63.15345409674908,-73.07218857024814,93.97380613731647,83.10624261244939,113.65362657610275,78.96979008168,95.97093588300486,136.58877841711174,166.6666666666674,106.17820547651559,50.56552885873347,50.4822209482302,71.20093735538138,-91.22015555148616,-165.71557119597827,-109.09321572868966,-80.50131629790516,6.245562502467321,-27.716090000183215,39.219613999618474,85.52956053953561,91.31170178016075,148.5840193200554,37.45972993351471,65.88644676670054,-6.535699569416749,-128.90699251229532]},"name":"CCI5"},"SMA20":{"begIndex":19,"nbElement":21,"result":{"outReal":[0.07699264050000001,0.0771136245,0.077301113,0.07754405200000002,0.07772788350000001,0.07793173250000002,0.07815115400000001,0.07827726800000001,0.07837851500000001,0.07846514400000001,0.07853925350000002,0.07862667050000002,0.07868902200000003,0.07877544200000001,0.07886771700000002,0.07898996700000001,0.07911401200000001,0.07920497100000001,0.07930097100000003,0.07941725150000004,0.07948780150000002]},"name":"SMA20"},"SMA40":{"begIndex":39,"nbElement":1,"result":{"outReal":[0.078240221]},"name":"SMA40"},"ATR14":{"begIndex":14,"nbElement":26,"result":{"outReal":[0.0012494164285714285,0.0012353145408163268,0.0012249642164723035,0.0012075310581528525,0.0011794924111419344,0.0011336000960603676,0.001127772232056056,0.0012349342154806234,0.0012109546286605793,0.0012422028694705383,0.0012040376645083572,0.0011880349741863314,0.0011953367617444505,0.0012157227073341331,0.0012430917996674087,0.0012620745282625942,0.0012586242048152664,0.0012733367616141757,0.0012866705643560202,0.0012737440954734465,0.001242790945796771,0.0012450873068112875,0.0012492860706104821,0.0012178506369954476,0.0012249413057814865,0.0012360147839399524]},"name":"ATR14"}}